port_name,year,predicted_value,rank
Alcan,2026,95004,64.0
Alcan,2027,90517,62.0
Alcan,2028,86029,62.0
Alcan,2029,81541,61.0
Alcan,2030,77053,61.0
Alcan,2031,72565,59.0
Alcan,2032,68078,57.0
Alcan,2033,63590,57.0
Alcan,2034,59102,56.0
Alcan,2035,54614,55.0
Alexandria Bay,2026,1425097,26.0
Alexandria Bay,2027,1363341,26.0
Alexandria Bay,2028,1301584,27.0
Alexandria Bay,2029,1239828,28.0
Alexandria Bay,2030,1178072,28.0
Alexandria Bay,2031,1116315,28.0
Alexandria Bay,2032,1054559,29.0
Alexandria Bay,2033,992803,29.0
Alexandria Bay,2034,931046,29.0
Alexandria Bay,2035,869290,29.0
Algonac,2026,79268,68.0
Algonac,2027,85603,65.0
Algonac,2028,91938,61.0
Algonac,2029,98272,60.0
Algonac,2030,104607,57.0
Algonac,2031,110942,56.0
Algonac,2032,117277,53.0
Algonac,2033,123611,50.0
Algonac,2034,129946,48.0
Algonac,2035,136281,46.0
Ambrose,2026,-2886,110.0
Ambrose,2027,-3550,108.0
Ambrose,2028,-4214,108.0
Ambrose,2029,-4878,103.0
Ambrose,2030,-5542,101.0
Ambrose,2031,-6205,100.0
Ambrose,2032,-6869,97.0
Ambrose,2033,-7533,96.0
Ambrose,2034,-8197,96.0
Ambrose,2035,-8861,96.0
Anacortes,2026,116051,62.0
Anacortes,2027,117157,60.0
Anacortes,2028,118263,59.0
Anacortes,2029,119369,56.0
Anacortes,2030,120475,56.0
Anacortes,2031,121581,53.0
Anacortes,2032,122687,51.0
Anacortes,2033,123793,49.0
Anacortes,2034,124899,49.0
Anacortes,2035,126005,47.0
Andrade,2026,1314185,30.0
Andrade,2027,1217906,32.0
Andrade,2028,1121627,32.0
Andrade,2029,1025348,32.0
Andrade,2030,929069,33.0
Andrade,2031,832790,33.0
Andrade,2032,736510,33.0
Andrade,2033,640231,35.0
Andrade,2034,543952,35.0
Andrade,2035,447673,36.0
Antler,2026,13719,92.0
Antler,2027,12664,90.0
Antler,2028,11609,89.0
Antler,2029,10554,85.0
Antler,2030,9499,85.0
Antler,2031,8444,87.0
Antler,2032,7389,85.0
Antler,2033,6335,84.0
Antler,2034,5280,85.0
Antler,2035,4225,86.0
Bar Harbor,2026,19679,89.0
Bar Harbor,2027,18991,87.0
Bar Harbor,2028,18303,84.0
Bar Harbor,2029,17614,83.0
Bar Harbor,2030,16926,83.0
Bar Harbor,2031,16238,81.0
Bar Harbor,2032,15549,79.0
Bar Harbor,2033,14861,77.0
Bar Harbor,2034,14173,77.0
Bar Harbor,2035,13485,75.0
Baudette,2026,213451,53.0
Baudette,2027,194832,54.0
Baudette,2028,176212,53.0
Baudette,2029,157593,53.0
Baudette,2030,138973,53.0
Baudette,2031,120353,54.0
Baudette,2032,101734,54.0
Baudette,2033,83114,54.0
Baudette,2034,64495,54.0
Baudette,2035,45875,57.0
Beecher Falls,2026,96170,63.0
Beecher Falls,2027,87872,63.0
Beecher Falls,2028,79575,64.0
Beecher Falls,2029,71277,64.0
Beecher Falls,2030,62979,64.0
Beecher Falls,2031,54681,63.0
Beecher Falls,2032,46383,62.0
Beecher Falls,2033,38085,64.0
Beecher Falls,2034,29787,66.0
Beecher Falls,2035,21489,69.0
Blaine,2026,8124546,12.0
Blaine,2027,7942426,11.0
Blaine,2028,7760305,9.0
Blaine,2029,7578185,9.0
Blaine,2030,7396065,8.0
Blaine,2031,7213945,8.0
Blaine,2032,7031825,8.0
Blaine,2033,6849704,7.0
Blaine,2034,6667584,7.0
Blaine,2035,6485464,7.0
Boquillas,2026,9554,97.0
Boquillas,2027,9383,94.0
Boquillas,2028,9212,92.0
Boquillas,2029,9041,88.0
Boquillas,2030,8871,87.0
Boquillas,2031,8700,86.0
Boquillas,2032,8529,83.0
Boquillas,2033,8358,81.0
Boquillas,2034,8187,81.0
Boquillas,2035,8016,80.0
Boundary,2026,61245,73.0
Boundary,2027,57088,70.0
Boundary,2028,52932,69.0
Boundary,2029,48775,68.0
Boundary,2030,44619,68.0
Boundary,2031,40462,69.0
Boundary,2032,36306,69.0
Boundary,2033,32149,69.0
Boundary,2034,27993,68.0
Boundary,2035,23836,66.0
Bridgewater,2026,19839,88.0
Bridgewater,2027,8123,95.0
Bridgewater,2028,-3591,106.0
Bridgewater,2029,-15307,106.0
Bridgewater,2030,-27022,107.0
Bridgewater,2031,-38737,106.0
Bridgewater,2032,-50453,104.0
Bridgewater,2033,-62168,106.0
Bridgewater,2034,-73884,105.0
Bridgewater,2035,-85599,105.0
Brownsville,2026,9912525,6.0
Brownsville,2027,9253257,6.0
Brownsville,2028,8593989,7.0
Brownsville,2029,7934722,8.0
Brownsville,2030,7275454,9.0
Brownsville,2031,6616186,11.0
Brownsville,2032,5956918,11.0
Brownsville,2033,5297650,11.0
Brownsville,2034,4638382,10.0
Brownsville,2035,3979114,10.0
Buffalo Niagara Falls,2026,8964623,7.0
Buffalo Niagara Falls,2027,8232168,9.0
Buffalo Niagara Falls,2028,7499714,11.0
Buffalo Niagara Falls,2029,6767259,12.0
Buffalo Niagara Falls,2030,6034804,12.0
Buffalo Niagara Falls,2031,5302350,12.0
Buffalo Niagara Falls,2032,4569895,12.0
Buffalo Niagara Falls,2033,3837440,12.0
Buffalo Niagara Falls,2034,3104986,13.0
Buffalo Niagara Falls,2035,2372531,15.0
Calais,2026,429644,46.0
Calais,2027,274243,51.0
Calais,2028,118842,58.0
Calais,2029,-36558,111.0
Calais,2030,-191959,114.0
Calais,2031,-347360,115.0
Calais,2032,-502761,115.0
Calais,2033,-658162,114.0
Calais,2034,-813562,114.0
Calais,2035,-968963,114.0
Calexico,2026,8290192,11.0
Calexico,2027,7510222,13.0
Calexico,2028,6730251,14.0
Calexico,2029,5950280,14.0
Calexico,2030,5170309,14.0
Calexico,2031,4390339,14.0
Calexico,2032,3610368,15.0
Calexico,2033,2830397,16.0
Calexico,2034,2050426,19.0
Calexico,2035,1270456,22.0
Calexico East,2026,8919325,8.0
Calexico East,2027,8903080,7.0
Calexico East,2028,8886834,6.0
Calexico East,2029,8870589,6.0
Calexico East,2030,8854344,5.0
Calexico East,2031,8838099,5.0
Calexico East,2032,8821853,4.0
Calexico East,2033,8805608,4.0
Calexico East,2034,8789363,4.0
Calexico East,2035,8773117,4.0
Cape Vincent,2026,5075,103.0
Cape Vincent,2027,3550,100.0
Cape Vincent,2028,2024,99.0
Cape Vincent,2029,498,98.0
Cape Vincent,2030,-1027,99.0
Cape Vincent,2031,-2552,98.0
Cape Vincent,2032,-4078,96.0
Cape Vincent,2033,-5604,95.0
Cape Vincent,2034,-7129,95.0
Cape Vincent,2035,-8655,95.0
Carbury,2026,22315,86.0
Carbury,2027,21453,85.0
Carbury,2028,20592,82.0
Carbury,2029,19731,80.0
Carbury,2030,18870,80.0
Carbury,2031,18008,78.0
Carbury,2032,17147,77.0
Carbury,2033,16286,76.0
Carbury,2034,15424,76.0
Carbury,2035,14563,73.0
Champlain Rouses Point,2026,2763390,20.0
Champlain Rouses Point,2027,2665191,20.0
Champlain Rouses Point,2028,2566992,21.0
Champlain Rouses Point,2029,2468793,20.0
Champlain Rouses Point,2030,2370594,20.0
Champlain Rouses Point,2031,2272395,20.0
Champlain Rouses Point,2032,2174197,21.0
Champlain Rouses Point,2033,2075998,21.0
Champlain Rouses Point,2034,1977799,21.0
Champlain Rouses Point,2035,1879600,17.0
Columbus,2026,1189084,33.0
Columbus,2027,1176619,33.0
Columbus,2028,1164155,31.0
Columbus,2029,1151690,30.0
Columbus,2030,1139226,29.0
Columbus,2031,1126761,27.0
Columbus,2032,1114297,27.0
Columbus,2033,1101832,26.0
Columbus,2034,1089368,26.0
Columbus,2035,1076903,26.0
Cross Border Xpress,2026,1816122,23.0
Cross Border Xpress,2027,1901337,23.0
Cross Border Xpress,2028,1986553,23.0
Cross Border Xpress,2029,2071769,23.0
Cross Border Xpress,2030,2156984,22.0
Cross Border Xpress,2031,2242200,21.0
Cross Border Xpress,2032,2327416,19.0
Cross Border Xpress,2033,2412631,17.0
Cross Border Xpress,2034,2497847,15.0
Cross Border Xpress,2035,2583063,13.0
Dalton Cache,2026,33795,82.0
Dalton Cache,2027,32472,81.0
Dalton Cache,2028,31149,77.0
Dalton Cache,2029,29826,75.0
Dalton Cache,2030,28502,74.0
Dalton Cache,2031,27179,73.0
Dalton Cache,2032,25856,72.0
Dalton Cache,2033,24533,70.0
Dalton Cache,2034,23210,70.0
Dalton Cache,2035,21886,68.0
Danville,2026,11760,93.0
Danville,2027,3919,99.0
Danville,2028,-3920,107.0
Danville,2029,-11761,105.0
Danville,2030,-19601,104.0
Danville,2031,-27442,105.0
Danville,2032,-35282,103.0
Danville,2033,-43123,102.0
Danville,2034,-50963,102.0
Danville,2035,-58804,102.0
Del Bonita,2026,44583,78.0
Del Bonita,2027,43203,76.0
Del Bonita,2028,41823,73.0
Del Bonita,2029,40443,72.0
Del Bonita,2030,39063,72.0
Del Bonita,2031,37683,71.0
Del Bonita,2032,36303,70.0
Del Bonita,2033,34922,67.0
Del Bonita,2034,33542,65.0
Del Bonita,2035,32162,63.0
Del Rio,2026,2901568,19.0
Del Rio,2027,2745667,19.0
Del Rio,2028,2589766,20.0
Del Rio,2029,2433865,21.0
Del Rio,2030,2277964,21.0
Del Rio,2031,2122064,22.0
Del Rio,2032,1966163,22.0
Del Rio,2033,1810262,22.0
Del Rio,2034,1654361,22.0
Del Rio,2035,1498460,21.0
Derby Line,2026,900523,36.0
Derby Line,2027,834645,36.0
Derby Line,2028,768767,37.0
Derby Line,2029,702889,37.0
Derby Line,2030,637011,38.0
Derby Line,2031,571133,37.0
Derby Line,2032,505255,39.0
Derby Line,2033,439377,40.0
Derby Line,2034,373499,40.0
Derby Line,2035,307621,42.0
Detroit,2026,4786955,15.0
Detroit,2027,3925470,15.0
Detroit,2028,3063986,18.0
Detroit,2029,2202501,22.0
Detroit,2030,1341016,24.0
Detroit,2031,479532,41.0
Detroit,2032,-381952,114.0
Detroit,2033,-1243436,116.0
Detroit,2034,-2104921,116.0
Detroit,2035,-2966405,116.0
Douglas,2026,3456231,18.0
Douglas,2027,3274362,18.0
Douglas,2028,3092493,17.0
Douglas,2029,2910624,17.0
Douglas,2030,2728756,18.0
Douglas,2031,2546887,18.0
Douglas,2032,2365018,18.0
Douglas,2033,2183149,20.0
Douglas,2034,2001280,20.0
Douglas,2035,1819411,19.0
Dunseith,2026,158340,57.0
Dunseith,2027,153319,55.0
Dunseith,2028,148298,54.0
Dunseith,2029,143277,54.0
Dunseith,2030,138256,54.0
Dunseith,2031,133235,52.0
Dunseith,2032,128214,50.0
Dunseith,2033,123193,51.0
Dunseith,2034,118172,50.0
Dunseith,2035,113151,49.0
Eagle Pass,2026,7641878,14.0
Eagle Pass,2027,7470032,14.0
Eagle Pass,2028,7298185,12.0
Eagle Pass,2029,7126338,11.0
Eagle Pass,2030,6954491,11.0
Eagle Pass,2031,6782645,10.0
Eagle Pass,2032,6610798,10.0
Eagle Pass,2033,6438951,9.0
Eagle Pass,2034,6267104,9.0
Eagle Pass,2035,6095258,9.0
Eastport,2026,822090,38.0
Eastport,2027,826974,37.0
Eastport,2028,831859,36.0
Eastport,2029,836744,36.0
Eastport,2030,841628,35.0
Eastport,2031,846513,32.0
Eastport,2032,851398,32.0
Eastport,2033,856282,32.0
Eastport,2034,861167,31.0
Eastport,2035,866051,30.0
El Paso,2026,17471056,3.0
El Paso,2027,15801196,4.0
El Paso,2028,14131336,4.0
El Paso,2029,12461476,4.0
El Paso,2030,10791616,4.0
El Paso,2031,9121756,4.0
El Paso,2032,7451895,7.0
El Paso,2033,5782035,10.0
El Paso,2034,4112175,11.0
El Paso,2035,2442315,14.0
Ferry,2026,16441,91.0
Ferry,2027,15564,89.0
Ferry,2028,14687,88.0
Ferry,2029,13810,84.0
Ferry,2030,12934,84.0
Ferry,2031,12057,84.0
Ferry,2032,11180,81.0
Ferry,2033,10303,80.0
Ferry,2034,9427,80.0
Ferry,2035,8550,79.0
Fort Fairfield,2026,67506,70.0
Fort Fairfield,2027,44139,75.0
Fort Fairfield,2028,20772,81.0
Fort Fairfield,2029,-2594,100.0
Fort Fairfield,2030,-25961,106.0
Fort Fairfield,2031,-49328,109.0
Fort Fairfield,2032,-72695,107.0
Fort Fairfield,2033,-96062,108.0
Fort Fairfield,2034,-119429,107.0
Fort Fairfield,2035,-142796,107.0
Fort Kent,2026,-14869,113.0
Fort Kent,2027,-51745,115.0
Fort Kent,2028,-88621,114.0
Fort Kent,2029,-125498,114.0
Fort Kent,2030,-162374,113.0
Fort Kent,2031,-199250,112.0
Fort Kent,2032,-236127,111.0
Fort Kent,2033,-273003,110.0
Fort Kent,2034,-309879,110.0
Fort Kent,2035,-346756,110.0
Fortuna,2026,23975,85.0
Fortuna,2027,23025,83.0
Fortuna,2028,22074,80.0
Fortuna,2029,21124,79.0
Fortuna,2030,20174,79.0
Fortuna,2031,19223,77.0
Fortuna,2032,18273,75.0
Fortuna,2033,17322,74.0
Fortuna,2034,16372,75.0
Fortuna,2035,15422,72.0
Friday Harbor,2026,5423,102.0
Friday Harbor,2027,5019,97.0
Friday Harbor,2028,4616,96.0
Friday Harbor,2029,4212,92.0
Friday Harbor,2030,3808,91.0
Friday Harbor,2031,3404,91.0
Friday Harbor,2032,3001,89.0
Friday Harbor,2033,2597,88.0
Friday Harbor,2034,2193,87.0
Friday Harbor,2035,1790,87.0
Frontier,2026,129138,61.0
Frontier,2027,127284,59.0
Frontier,2028,125430,56.0
Frontier,2029,123576,55.0
Frontier,2030,121722,55.0
Frontier,2031,119868,55.0
Frontier,2032,118014,52.0
Frontier,2033,116159,53.0
Frontier,2034,114305,52.0
Frontier,2035,112451,50.0
Grand Portage,2026,362083,48.0
Grand Portage,2027,338735,48.0
Grand Portage,2028,315387,48.0
Grand Portage,2029,292039,49.0
Grand Portage,2030,268691,47.0
Grand Portage,2031,245343,46.0
Grand Portage,2032,221995,45.0
Grand Portage,2033,198647,45.0
Grand Portage,2034,175299,44.0
Grand Portage,2035,151951,44.0
Hannah,2026,-4768,111.0
Hannah,2027,-5701,109.0
Hannah,2028,-6633,109.0
Hannah,2029,-7566,104.0
Hannah,2030,-8499,103.0
Hannah,2031,-9432,103.0
Hannah,2032,-10364,99.0
Hannah,2033,-11297,98.0
Hannah,2034,-12230,97.0
Hannah,2035,-13163,97.0
Hansboro,2026,6118,101.0
Hansboro,2027,4621,98.0
Hansboro,2028,3124,97.0
Hansboro,2029,1628,94.0
Hansboro,2030,131,97.0
Hansboro,2031,-1365,96.0
Hansboro,2032,-2861,95.0
Hansboro,2033,-4358,94.0
Hansboro,2034,-5855,94.0
Hansboro,2035,-7351,93.0
Hidalgo,2026,8843303,9.0
Hidalgo,2027,7998362,10.0
Hidalgo,2028,7153420,13.0
Hidalgo,2029,6308479,13.0
Hidalgo,2030,5463537,13.0
Hidalgo,2031,4618595,13.0
Hidalgo,2032,3773654,13.0
Hidalgo,2033,2928712,15.0
Hidalgo,2034,2083771,18.0
Hidalgo,2035,1238829,23.0
Highgate Springs,2026,1353449,27.0
Highgate Springs,2027,1335157,27.0
Highgate Springs,2028,1316864,26.0
Highgate Springs,2029,1298572,26.0
Highgate Springs,2030,1280280,25.0
Highgate Springs,2031,1261987,24.0
Highgate Springs,2032,1243695,24.0
Highgate Springs,2033,1225402,24.0
Highgate Springs,2034,1207110,25.0
Highgate Springs,2035,1188817,25.0
Houlton,2026,436880,45.0
Houlton,2027,396837,45.0
Houlton,2028,356793,45.0
Houlton,2029,316749,46.0
Houlton,2030,276706,46.0
Houlton,2031,236662,48.0
Houlton,2032,196619,47.0
Houlton,2033,156575,47.0
Houlton,2034,116531,51.0
Houlton,2035,76488,53.0
International Falls,2026,1262410,31.0
International Falls,2027,1230627,30.0
International Falls,2028,1198845,30.0
International Falls,2029,1167062,29.0
International Falls,2030,1135279,30.0
International Falls,2031,1103496,29.0
International Falls,2032,1071713,28.0
International Falls,2033,1039930,28.0
International Falls,2034,1008148,28.0
International Falls,2035,976365,27.0
Jackman,2026,370681,47.0
Jackman,2027,352271,46.0
Jackman,2028,333861,47.0
Jackman,2029,315450,47.0
Jackman,2030,297040,45.0
Jackman,2031,278630,45.0
Jackman,2032,260219,44.0
Jackman,2033,241809,43.0
Jackman,2034,223399,43.0
Jackman,2035,204988,43.0
Kenneth G Ward,2026,992619,35.0
Kenneth G Ward,2027,943655,35.0
Kenneth G Ward,2028,894692,35.0
Kenneth G Ward,2029,845728,35.0
Kenneth G Ward,2030,796765,36.0
Kenneth G Ward,2031,747802,35.0
Kenneth G Ward,2032,698838,35.0
Kenneth G Ward,2033,649875,33.0
Kenneth G Ward,2034,600911,34.0
Kenneth G Ward,2035,551948,34.0
Ketchikan,2026,1773,108.0
Ketchikan,2027,1087,106.0
Ketchikan,2028,400,103.0
Ketchikan,2029,-285,99.0
Ketchikan,2030,-972,98.0
Ketchikan,2031,-1658,97.0
Ketchikan,2032,-2344,94.0
Ketchikan,2033,-3031,93.0
Ketchikan,2034,-3717,93.0
Ketchikan,2035,-4404,92.0
Lancaster,2026,29524,83.0
Lancaster,2027,22826,84.0
Lancaster,2028,16128,87.0
Lancaster,2029,9430,87.0
Lancaster,2030,2733,92.0
Lancaster,2031,-3964,99.0
Lancaster,2032,-10662,100.0
Lancaster,2033,-17360,100.0
Lancaster,2034,-24058,100.0
Lancaster,2035,-30756,101.0
Laredo,2026,17280910,4.0
Laredo,2027,16710407,3.0
Laredo,2028,16139905,3.0
Laredo,2029,15569402,3.0
Laredo,2030,14998899,3.0
Laredo,2031,14428396,3.0
Laredo,2032,13857894,3.0
Laredo,2033,13287391,3.0
Laredo,2034,12716888,3.0
Laredo,2035,12146385,3.0
Laurier,2026,69288,69.0
Laurier,2027,64161,67.0
Laurier,2028,59033,67.0
Laurier,2029,53906,66.0
Laurier,2030,48778,67.0
Laurier,2031,43651,66.0
Laurier,2032,38524,67.0
Laurier,2033,33396,68.0
Laurier,2034,28269,67.0
Laurier,2035,23141,67.0
Limestone,2026,-9603,112.0
Limestone,2027,-16897,111.0
Limestone,2028,-24191,112.0
Limestone,2029,-31485,109.0
Limestone,2030,-38778,108.0
Limestone,2031,-46072,107.0
Limestone,2032,-53366,106.0
Limestone,2033,-60660,105.0
Limestone,2034,-67954,104.0
Limestone,2035,-75248,104.0
Lukeville,2026,1026482,34.0
Lukeville,2027,1002354,34.0
Lukeville,2028,978225,34.0
Lukeville,2029,954096,34.0
Lukeville,2030,929967,32.0
Lukeville,2031,905839,31.0
Lukeville,2032,881710,31.0
Lukeville,2033,857581,31.0
Lukeville,2034,833452,32.0
Lukeville,2035,809324,31.0
Madawaska,2026,172608,55.0
Madawaska,2027,91015,61.0
Madawaska,2028,9422,91.0
Madawaska,2029,-72170,113.0
Madawaska,2030,-153763,112.0
Madawaska,2031,-235356,113.0
Madawaska,2032,-316949,112.0
Madawaska,2033,-398543,113.0
Madawaska,2034,-480136,112.0
Madawaska,2035,-561729,112.0
Maida,2026,3329,106.0
Maida,2027,1294,105.0
Maida,2028,-741,105.0
Maida,2029,-2776,101.0
Maida,2030,-4811,100.0
Maida,2031,-6847,101.0
Maida,2032,-8882,98.0
Maida,2033,-10917,97.0
Maida,2034,-12952,98.0
Maida,2035,-14988,98.0
Massena,2026,1316611,29.0
Massena,2027,1218587,31.0
Massena,2028,1120563,33.0
Massena,2029,1022539,33.0
Massena,2030,924515,34.0
Massena,2031,826491,34.0
Massena,2032,728467,34.0
Massena,2033,630443,36.0
Massena,2034,532420,36.0
Massena,2035,434396,38.0
Metaline Falls,2026,54062,75.0
Metaline Falls,2027,51686,72.0
Metaline Falls,2028,49310,70.0
Metaline Falls,2029,46934,69.0
Metaline Falls,2030,44557,69.0
Metaline Falls,2031,42181,67.0
Metaline Falls,2032,39805,65.0
Metaline Falls,2033,37429,65.0
Metaline Falls,2034,35052,64.0
Metaline Falls,2035,32676,62.0
Morgan,2026,10180,96.0
Morgan,2027,9644,93.0
Morgan,2028,9109,93.0
Morgan,2029,8573,89.0
Morgan,2030,8038,88.0
Morgan,2031,7502,88.0
Morgan,2032,6967,86.0
Morgan,2033,6432,83.0
Morgan,2034,5896,83.0
Morgan,2035,5361,83.0
Naco,2026,685942,39.0
Naco,2027,658895,39.0
Naco,2028,631849,39.0
Naco,2029,604803,39.0
Naco,2030,577756,39.0
Naco,2031,550710,39.0
Naco,2032,523664,38.0
Naco,2033,496617,38.0
Naco,2034,469571,38.0
Naco,2035,442525,37.0
Neche,2026,55694,74.0
Neche,2027,50909,73.0
Neche,2028,46123,71.0
Neche,2029,41338,71.0
Neche,2030,36553,73.0
Neche,2031,31768,72.0
Neche,2032,26983,71.0
Neche,2033,22197,71.0
Neche,2034,17412,72.0
Neche,2035,12627,77.0
Nighthawk,2026,10309,95.0
Nighthawk,2027,9702,92.0
Nighthawk,2028,9095,94.0
Nighthawk,2029,8488,90.0
Nighthawk,2030,7881,89.0
Nighthawk,2031,7274,89.0
Nighthawk,2032,6667,87.0
Nighthawk,2033,6060,85.0
Nighthawk,2034,5453,84.0
Nighthawk,2035,4846,84.0
Nogales,2026,10242737,5.0
Nogales,2027,9878277,5.0
Nogales,2028,9513818,5.0
Nogales,2029,9149359,5.0
Nogales,2030,8784900,6.0
Nogales,2031,8420441,6.0
Nogales,2032,8055982,5.0
Nogales,2033,7691523,6.0
Nogales,2034,7327064,6.0
Nogales,2035,6962604,6.0
Noonan,2026,39726,80.0
Noonan,2027,36878,79.0
Noonan,2028,34030,76.0
Noonan,2029,31182,74.0
Noonan,2030,28334,75.0
Noonan,2031,25487,74.0
Noonan,2032,22639,73.0
Noonan,2033,19791,72.0
Noonan,2034,16943,73.0
Noonan,2035,14095,74.0
Northgate,2026,47646,77.0
Northgate,2027,46335,74.0
Northgate,2028,45025,72.0
Northgate,2029,43715,70.0
Northgate,2030,42405,70.0
Northgate,2031,41094,68.0
Northgate,2032,39784,66.0
Northgate,2033,38474,63.0
Northgate,2034,37164,61.0
Northgate,2035,35854,60.0
Norton,2026,6812,98.0
Norton,2027,-6760,110.0
Norton,2028,-20333,111.0
Norton,2029,-33906,110.0
Norton,2030,-47478,110.0
Norton,2031,-61051,110.0
Norton,2032,-74624,108.0
Norton,2033,-88197,107.0
Norton,2034,-101769,106.0
Norton,2035,-115342,106.0
Noyes,2026,-230574,116.0
Noyes,2027,-246678,116.0
Noyes,2028,-262782,116.0
Noyes,2029,-278887,115.0
Noyes,2030,-294991,115.0
Noyes,2031,-311095,114.0
Noyes,2032,-327199,113.0
Noyes,2033,-343303,112.0
Noyes,2034,-359407,111.0
Noyes,2035,-375511,111.0
Ogdensburg,2026,589911,44.0
Ogdensburg,2027,570314,43.0
Ogdensburg,2028,550717,41.0
Ogdensburg,2029,531120,41.0
Ogdensburg,2030,511523,41.0
Ogdensburg,2031,491925,40.0
Ogdensburg,2032,472328,40.0
Ogdensburg,2033,452731,39.0
Ogdensburg,2034,433134,39.0
Ogdensburg,2035,413537,39.0
Opheim,2026,2666,107.0
Opheim,2027,2088,104.0
Opheim,2028,1510,101.0
Opheim,2029,932,96.0
Opheim,2030,354,95.0
Opheim,2031,-222,94.0
Opheim,2032,-800,92.0
Opheim,2033,-1378,90.0
Opheim,2034,-1956,90.0
Opheim,2035,-2534,89.0
Oroville,2026,360124,49.0
Oroville,2027,335888,49.0
Oroville,2028,311653,50.0
Oroville,2029,287417,50.0
Oroville,2030,263182,48.0
Oroville,2031,238947,47.0
Oroville,2032,214711,46.0
Oroville,2033,190476,46.0
Oroville,2034,166240,45.0
Oroville,2035,142005,45.0
Otay Mesa,2026,20652156,2.0
Otay Mesa,2027,20769736,2.0
Otay Mesa,2028,20887315,2.0
Otay Mesa,2029,21004895,2.0
Otay Mesa,2030,21122474,2.0
Otay Mesa,2031,21240054,2.0
Otay Mesa,2032,21357633,2.0
Otay Mesa,2033,21475213,2.0
Otay Mesa,2034,21592792,2.0
Otay Mesa,2035,21710372,2.0
Pembina,2026,1261193,32.0
Pembina,2027,1254583,29.0
Pembina,2028,1247973,28.0
Pembina,2029,1241363,27.0
Pembina,2030,1234752,27.0
Pembina,2031,1228142,25.0
Pembina,2032,1221532,25.0
Pembina,2033,1214922,25.0
Pembina,2034,1208311,24.0
Pembina,2035,1201701,24.0
Piegan,2026,158657,56.0
Piegan,2027,144407,56.0
Piegan,2028,130158,55.0
Piegan,2029,115908,57.0
Piegan,2030,101658,58.0
Piegan,2031,87409,58.0
Piegan,2032,73159,56.0
Piegan,2033,58909,58.0
Piegan,2034,44660,59.0
Piegan,2035,30410,65.0
Pinecreek,2026,3369,105.0
Pinecreek,2027,2600,103.0
Pinecreek,2028,1832,100.0
Pinecreek,2029,1063,95.0
Pinecreek,2030,294,96.0
Pinecreek,2031,-473,95.0
Pinecreek,2032,-1242,93.0
Pinecreek,2033,-2010,92.0
Pinecreek,2034,-2779,92.0
Pinecreek,2035,-3548,91.0
Point Roberts,2026,1319030,28.0
Point Roberts,2027,1262342,28.0
Point Roberts,2028,1205654,29.0
Point Roberts,2029,1148967,31.0
Point Roberts,2030,1092279,31.0
Point Roberts,2031,1035591,30.0
Point Roberts,2032,978904,30.0
Point Roberts,2033,922216,30.0
Point Roberts,2034,865528,30.0
Point Roberts,2035,808841,32.0
Port Angeles,2026,92518,65.0
Port Angeles,2027,87475,64.0
Port Angeles,2028,82432,63.0
Port Angeles,2029,77390,62.0
Port Angeles,2030,72347,62.0
Port Angeles,2031,67305,62.0
Port Angeles,2032,62262,59.0
Port Angeles,2033,57220,59.0
Port Angeles,2034,52177,58.0
Port Angeles,2035,47134,56.0
Port Huron,2026,3812857,17.0
Port Huron,2027,3596904,17.0
Port Huron,2028,3380951,16.0
Port Huron,2029,3164998,16.0
Port Huron,2030,2949045,16.0
Port Huron,2031,2733092,17.0
Port Huron,2032,2517139,17.0
Port Huron,2033,2301187,18.0
Port Huron,2034,2085234,17.0
Port Huron,2035,1869281,18.0
Portal,2026,642178,42.0
Portal,2027,642745,41.0
Portal,2028,643311,38.0
Portal,2029,643877,38.0
Portal,2030,644444,37.0
Portal,2031,645010,36.0
Portal,2032,645576,36.0
Portal,2033,646143,34.0
Portal,2034,646709,33.0
Portal,2035,647275,33.0
Porthill,2026,203958,54.0
Porthill,2027,195044,53.0
Porthill,2028,186129,52.0
Porthill,2029,177214,52.0
Porthill,2030,168299,52.0
Porthill,2031,159384,49.0
Porthill,2032,150470,48.0
Porthill,2033,141555,48.0
Porthill,2034,132640,47.0
Porthill,2035,123725,48.0
Portland,2026,-29064,115.0
Portland,2027,-32958,113.0
Portland,2028,-36852,113.0
Portland,2029,-40746,112.0
Portland,2030,-44640,109.0
Portland,2031,-48534,108.0
Portland,2032,-52428,105.0
Portland,2033,-56322,104.0
Portland,2034,-60216,103.0
Portland,2035,-64110,103.0
Presidio,2026,1813243,24.0
Presidio,2027,1784827,24.0
Presidio,2028,1756411,24.0
Presidio,2029,1727995,24.0
Presidio,2030,1699579,23.0
Presidio,2031,1671163,23.0
Presidio,2032,1642747,23.0
Presidio,2033,1614331,23.0
Presidio,2034,1585915,23.0
Presidio,2035,1557499,20.0
Progreso,2026,3962004,16.0
Progreso,2027,3919567,16.0
Progreso,2028,3877130,15.0
Progreso,2029,3834693,15.0
Progreso,2030,3792257,15.0
Progreso,2031,3749820,15.0
Progreso,2032,3707383,14.0
Progreso,2033,3664946,13.0
Progreso,2034,3622509,12.0
Progreso,2035,3580072,11.0
Raymond,2026,66030,71.0
Raymond,2027,62882,68.0
Raymond,2028,59734,66.0
Raymond,2029,56586,65.0
Raymond,2030,53439,65.0
Raymond,2031,50291,64.0
Raymond,2032,47143,61.0
Raymond,2033,43996,60.0
Raymond,2034,40848,60.0
Raymond,2035,37700,59.0
Richford,2026,148039,58.0
Richford,2027,136392,57.0
Richford,2028,124746,57.0
Richford,2029,113099,58.0
Richford,2030,101452,59.0
Richford,2031,89806,57.0
Richford,2032,78159,55.0
Richford,2033,66512,55.0
Richford,2034,54865,57.0
Richford,2035,43219,58.0
Rio Grande City,2026,604376,43.0
Rio Grande City,2027,510898,44.0
Rio Grande City,2028,417419,44.0
Rio Grande City,2029,323941,45.0
Rio Grande City,2030,230463,49.0
Rio Grande City,2031,136985,51.0
Rio Grande City,2032,43506,63.0
Rio Grande City,2033,-49971,103.0
Rio Grande City,2034,-143449,108.0
Rio Grande City,2035,-236927,108.0
Roma,2026,864556,37.0
Roma,2027,694487,38.0
Roma,2028,524418,43.0
Roma,2029,354348,43.0
Roma,2030,184279,50.0
Roma,2031,14210,83.0
Roma,2032,-155859,110.0
Roma,2033,-325928,111.0
Roma,2034,-495997,113.0
Roma,2035,-666066,113.0
Roosville,2026,347438,50.0
Roosville,2027,344146,47.0
Roosville,2028,340853,46.0
Roosville,2029,337560,44.0
Roosville,2030,334267,43.0
Roosville,2031,330975,43.0
Roosville,2032,327682,41.0
Roosville,2033,324389,41.0
Roosville,2034,321096,41.0
Roosville,2035,317803,40.0
Roseau,2026,63340,72.0
Roseau,2027,59835,69.0
Roseau,2028,56331,68.0
Roseau,2029,52826,67.0
Roseau,2030,49322,66.0
Roseau,2031,45817,65.0
Roseau,2032,42313,64.0
Roseau,2033,38808,62.0
Roseau,2034,35304,63.0
Roseau,2035,31799,64.0
San Luis,2026,8633306,10.0
San Luis,2027,8501043,8.0
San Luis,2028,8368779,8.0
San Luis,2029,8236516,7.0
San Luis,2030,8104253,7.0
San Luis,2031,7971989,7.0
San Luis,2032,7839726,6.0
San Luis,2033,7707462,5.0
San Luis,2034,7575199,5.0
San Luis,2035,7442935,5.0
San Ysidro,2026,39224751,1.0
San Ysidro,2027,38749703,1.0
San Ysidro,2028,38274655,1.0
San Ysidro,2029,37799607,1.0
San Ysidro,2030,37324559,1.0
San Ysidro,2031,36849510,1.0
San Ysidro,2032,36374462,1.0
San Ysidro,2033,35899414,1.0
San Ysidro,2034,35424366,1.0
San Ysidro,2035,34949318,1.0
Santa Teresa,2026,2538257,22.0
Santa Teresa,2027,2606231,21.0
Santa Teresa,2028,2674205,19.0
Santa Teresa,2029,2742180,18.0
Santa Teresa,2030,2810154,17.0
Santa Teresa,2031,2878128,16.0
Santa Teresa,2032,2946102,16.0
Santa Teresa,2033,3014076,14.0
Santa Teresa,2034,3082050,14.0
Santa Teresa,2035,3150024,12.0
Sarles,2026,4031,104.0
Sarles,2027,3256,102.0
Sarles,2028,2481,98.0
Sarles,2029,1706,93.0
Sarles,2030,931,93.0
Sarles,2031,155,93.0
Sarles,2032,-619,91.0
Sarles,2033,-1394,91.0
Sarles,2034,-2169,91.0
Sarles,2035,-2944,90.0
Sasabe,2026,37076,81.0
Sasabe,2027,33646,80.0
Sasabe,2028,30216,78.0
Sasabe,2029,26786,77.0
Sasabe,2030,23356,76.0
Sasabe,2031,19926,76.0
Sasabe,2032,16496,78.0
Sasabe,2033,13066,79.0
Sasabe,2034,9636,79.0
Sasabe,2035,6206,82.0
Sault Sainte Marie,2026,139505,60.0
Sault Sainte Marie,2027,-41451,114.0
Sault Sainte Marie,2028,-222409,115.0
Sault Sainte Marie,2029,-403366,116.0
Sault Sainte Marie,2030,-584323,116.0
Sault Sainte Marie,2031,-765281,116.0
Sault Sainte Marie,2032,-946238,116.0
Sault Sainte Marie,2033,-1127195,115.0
Sault Sainte Marie,2034,-1308153,115.0
Sault Sainte Marie,2035,-1489110,115.0
Scobey,2026,10722,94.0
Scobey,2027,10331,91.0
Scobey,2028,9940,90.0
Scobey,2029,9550,86.0
Scobey,2030,9159,86.0
Scobey,2031,8768,85.0
Scobey,2032,8377,84.0
Scobey,2033,7987,82.0
Scobey,2034,7596,82.0
Scobey,2035,7205,81.0
Sherwood,2026,42307,79.0
Sherwood,2027,41556,78.0
Sherwood,2028,40806,74.0
Sherwood,2029,40056,73.0
Sherwood,2030,39306,71.0
Sherwood,2031,38556,70.0
Sherwood,2032,37806,68.0
Sherwood,2033,37056,66.0
Sherwood,2034,36306,62.0
Sherwood,2035,35556,61.0
Skagway,2026,313622,51.0
Skagway,2027,312975,50.0
Skagway,2028,312328,49.0
Skagway,2029,311681,48.0
Skagway,2030,311034,44.0
Skagway,2031,310387,44.0
Skagway,2032,309740,42.0
Skagway,2033,309093,42.0
Skagway,2034,308446,42.0
Skagway,2035,307799,41.0
St John,2026,6522,99.0
St John,2027,3340,101.0
St John,2028,158,104.0
St John,2029,-3023,102.0
St John,2030,-6205,102.0
St John,2031,-9387,102.0
St John,2032,-12569,101.0
St John,2033,-15751,99.0
St John,2034,-18933,99.0
St John,2035,-22115,99.0
Sumas,2026,1546630,25.0
Sumas,2027,1479657,25.0
Sumas,2028,1412684,25.0
Sumas,2029,1345712,25.0
Sumas,2030,1278739,26.0
Sumas,2031,1211766,26.0
Sumas,2032,1144793,26.0
Sumas,2033,1077820,27.0
Sumas,2034,1010848,27.0
Sumas,2035,943875,28.0
Sweetgrass,2026,667159,40.0
Sweetgrass,2027,644768,40.0
Sweetgrass,2028,622378,40.0
Sweetgrass,2029,599987,40.0
Sweetgrass,2030,577597,40.0
Sweetgrass,2031,555206,38.0
Sweetgrass,2032,532815,37.0
Sweetgrass,2033,510425,37.0
Sweetgrass,2034,488034,37.0
Sweetgrass,2035,465644,35.0
Tecate,2026,2660469,21.0
Tecate,2027,2600204,22.0
Tecate,2028,2539940,22.0
Tecate,2029,2479675,19.0
Tecate,2030,2419411,19.0
Tecate,2031,2359146,19.0
Tecate,2032,2298882,20.0
Tecate,2033,2238618,19.0
Tecate,2034,2178353,16.0
Tecate,2035,2118089,16.0
Tornillo,2026,657328,41.0
Tornillo,2027,594977,42.0
Tornillo,2028,532625,42.0
Tornillo,2029,470274,42.0
Tornillo,2030,407922,42.0
Tornillo,2031,345571,42.0
Tornillo,2032,283219,43.0
Tornillo,2033,220868,44.0
Tornillo,2034,158516,46.0
Tornillo,2035,96165,51.0
Trout River,2026,243226,52.0
Trout River,2027,225482,52.0
Trout River,2028,207738,51.0
Trout River,2029,189994,51.0
Trout River,2030,172250,51.0
Trout River,2031,154506,50.0
Trout River,2032,136762,49.0
Trout River,2033,119018,52.0
Trout River,2034,101274,53.0
Trout River,2035,83530,52.0
Turner,2026,18762,90.0
Turner,2027,18528,88.0
Turner,2028,18293,85.0
Turner,2029,18059,82.0
Turner,2030,17824,81.0
Turner,2031,17589,79.0
Turner,2032,17355,76.0
Turner,2033,17120,75.0
Turner,2034,16886,74.0
Turner,2035,16651,71.0
Van Buren,2026,91919,66.0
Van Buren,2027,54177,71.0
Van Buren,2028,16435,86.0
Van Buren,2029,-21306,108.0
Van Buren,2030,-59048,111.0
Van Buren,2031,-96790,111.0
Van Buren,2032,-134532,109.0
Van Buren,2033,-172274,109.0
Van Buren,2034,-210016,109.0
Van Buren,2035,-247759,109.0
Vanceboro,2026,48233,76.0
Vanceboro,2027,41986,77.0
Vanceboro,2028,35739,75.0
Vanceboro,2029,29492,76.0
Vanceboro,2030,23245,77.0
Vanceboro,2031,16998,80.0
Vanceboro,2032,10751,82.0
Vanceboro,2033,4504,87.0
Vanceboro,2034,-1742,89.0
Vanceboro,2035,-7989,94.0
Walhalla,2026,81199,67.0
Walhalla,2027,78910,66.0
Walhalla,2028,76622,65.0
Walhalla,2029,74333,63.0
Walhalla,2030,72044,63.0
Walhalla,2031,69756,61.0
Walhalla,2032,67467,58.0
Walhalla,2033,65179,56.0
Walhalla,2034,62890,55.0
Walhalla,2035,60602,54.0
Warroad,2026,142520,59.0
Warroad,2027,128175,58.0
Warroad,2028,113829,60.0
Warroad,2029,99483,59.0
Warroad,2030,85138,60.0
Warroad,2031,70792,60.0
Warroad,2032,56446,60.0
Warroad,2033,42101,61.0
Warroad,2034,27755,69.0
Warroad,2035,13409,76.0
Westhope,2026,21615,87.0
Westhope,2027,20520,86.0
Westhope,2028,19425,83.0
Westhope,2029,18331,81.0
Westhope,2030,17236,82.0
Westhope,2031,16141,82.0
Westhope,2032,15046,80.0
Westhope,2033,13952,78.0
Westhope,2034,12857,78.0
Westhope,2035,11762,78.0
Whitetail,2026,-17064,114.0
Whitetail,2027,-18272,112.0
Whitetail,2028,-19479,110.0
Whitetail,2029,-20687,107.0
Whitetail,2030,-21894,105.0
Whitetail,2031,-23101,104.0
Whitetail,2032,-24309,102.0
Whitetail,2033,-25516,101.0
Whitetail,2034,-26724,101.0
Whitetail,2035,-27931,100.0
Whitlash,2026,1039,109.0
Whitlash,2027,945,107.0
Whitlash,2028,851,102.0
Whitlash,2029,757,97.0
Whitlash,2030,664,94.0
Whitlash,2031,570,92.0
Whitlash,2032,476,90.0
Whitlash,2033,382,89.0
Whitlash,2034,288,88.0
Whitlash,2035,195,88.0
Wildhorse,2026,27713,84.0
Wildhorse,2027,26576,82.0
Wildhorse,2028,25439,79.0
Wildhorse,2029,24302,78.0
Wildhorse,2030,23165,78.0
Wildhorse,2031,22028,75.0
Wildhorse,2032,20891,74.0
Wildhorse,2033,19754,73.0
Wildhorse,2034,18617,71.0
Wildhorse,2035,17480,70.0
Willow Creek,2026,6367,100.0
Willow Creek,2027,6144,96.0
Willow Creek,2028,5921,95.0
Willow Creek,2029,5699,91.0
Willow Creek,2030,5476,90.0
Willow Creek,2031,5254,90.0
Willow Creek,2032,5031,88.0
Willow Creek,2033,4809,86.0
Willow Creek,2034,4586,86.0
Willow Creek,2035,4363,85.0
Ysleta,2026,7987795,13.0
Ysleta,2027,7794752,12.0
Ysleta,2028,7601708,10.0
Ysleta,2029,7408665,10.0
Ysleta,2030,7215622,10.0
Ysleta,2031,7022578,9.0
Ysleta,2032,6829535,9.0
Ysleta,2033,6636491,8.0
Ysleta,2034,6443448,8.0
Ysleta,2035,6250405,8.0
